<?xml version="1.0" encoding="UTF-8"?>
<bean:beans xmlns:bean="http://www.springframework.org/schema/beans"
	xmlns:xsi="http://www.w3.org/2001/XMLSchema-instance" 
	xmlns="http://www.springframework.org/schema/security"
	xsi:schemaLocation="http://www.springframework.org/schema/beans 
		http://www.springframework.org/schema/beans/spring-beans.xsd 
		http://www.springframework.org/schema/security 
		http://www.springframework.org/schema/security/spring-security.xsd">
		
	<http auto-config="true">
		<intercept-url pattern="/" access="hasAnyAuthority('CLIENTE','PROFESIONAL','ADMINISTRATIVO')"/>
		<intercept-url pattern="/listar_capacitaciones" access="hasAnyAuthority('CLIENTE')"/>
		<intercept-url pattern="/crear_capacitacion" access="hasAnyAuthority('CLIENTE')"/>
		<intercept-url pattern="/contacto" access="hasAnyAuthority('CLIENTE')"/>
		
		<form-login login-page="/login"
			authentication-failure-url="/error"
			username-parameter="username"
			password-parameter="password" />
		<csrf disabled="true" />
		<logout logout-success-url="/login" />
	</http>
		
	
	<!-- <authentication-manager>
		<authentication-provider>
			<password-encoder hash="bcrypt"/>
			<user-service>
				Usuario tipo cliente, password: 1234
				<user name="cliente1" authorities="CLIENTE"
				password="$2a$10$o013LPyW0dv8YMFujIVltOAKKi0TgMn64R8J1642M4HfxMD8nsjKm" />
				Usuario tipo profesional, password: 1234
				<user name="profesional1" authorities="PROFESIONAL"
				password="$2a$10$o013LPyW0dv8YMFujIVltOAKKi0TgMn64R8J1642M4HfxMD8nsjKm" />
				Usuario tipo profesional, password: 1234
				<user name="administrativo1" authorities="ADMINISTRATIVO"
				password="$2a$10$o013LPyW0dv8YMFujIVltOAKKi0TgMn64R8J1642M4HfxMD8nsjKm" />
			</user-service>
		</authentication-provider>
	</authentication-manager> -->
	
	<authentication-manager>
		<authentication-provider>
			<password-encoder hash="bcrypt" />
			<jdbc-user-service data-source-ref="ds"
				users-by-username-query="select usunombre as username, password, 1 as enabled from usuario where usunombre = ? "
				
				authorities-by-username-query="select usunombre, usutipo as authority from usuario where usunombre = ?"
			/>
		</authentication-provider>
	</authentication-manager> 

</bean:beans>